ENV,interop.servlet.name,server.hostname,server.port,YFSEnvironment.progId,YFSEnvironment.userId,YFSEnvironment.password,PAC.server.hostname,PAC.server.port,PAC.Path,protocol,OrderCaptureQ,InlineShipmentQ,NIKEIDShipmentQ,NIKEIDDeliveryQ,GCShipmentQ,Return_CSR_URL,Return_Inspection_CSR_URL,Order_Modify_CSR_URL,SelfServe,SelfServeReturn,DataBaseURL,WarehouseAck_PAC_URL,UserName,Password,CSRcancelURL,BRDShipmentURL
ECN25,/smcfs/interop/InteropHttpServlet,10.7.18.221,7075,SterlingHttpTester,qa,qa,10.7.18.220,7070,/esb-test/DummySrv,http,queue.SterlingX063Queue,queue.SterlingX106Queue,queue.SterlingX105Queue,queue.SterlingX154Queue,queue.SterlingX088Queue,https://ecn25-pac-api.nike.com:8073/interactive/oc/return/create/csr,https://ecn25-pac-api.nike.com:8073/interactive/om/order/modify/csr,https://ecn25-pac-api.nike.com:8073/interactive/om/order/modify/csr,https://ecn25-secure-store.nike.com/${country_code}/services/orderHistoryService?country=${country}&action=getAnonymousOrderDetails&email=${email_Id}&orderId=${Order_Id},https://ecn25-secure-store.nike.com/${country_code}/services/returnService?action=createReturnOrder&country=${country}&requestId=${request_Id},jdbc:oracle:thin:@(description=(address=(host=m0628ussac1.cust.aops-eds.com)(protocol=tcp)(port=1521))(connect_data=(sid=TNSR15))) ,http://ecn25-pac-api.nike.com:8072/dropshipper-sap/ebws/DropShipper/PublishSAPStatus,DOM_ENV25_DML,DOM_ENV25_DML,https://ecn25-pac-api.nike.com:8073/interactive/om/order/cancel/csr,http://10.7.18.220:7070/warehouse/ebws/WMS/PublishShipmentConfirmation
ECN26,/smcfs/interop/InteropHttpServlet,10.7.14.65,7075,SterlingHttpTester,qa,qa,10.7.14.54,7070,/esb-test/DummySrv,http,queue.SterlingX063Queue,queue.SterlingX106Queue,queue.SterlingX105Queue,queue.SterlingX154Queue,queue.SterlingX088Queue,https://ecn26-pac-api.nike.com:8073/interactive/oc/return/create/csr,https://ecn26-pac-api.nike.com:8073/interactive/om/order/modify/csr,https://ecn26-pac-api.nike.com:8073/interactive/om/order/modify/csr,https://ecn26-secure-store.nike.com/${country_code}/services/orderHistoryService?country=${country}&action=getAnonymousOrderDetails&email=${email_Id}&orderId=${Order_Id},https://ecn26-secure-store.nike.com/${country_code}/services/returnService?action=createReturnOrder&country=${country}&requestId=${request_Id},jdbc:oracle:thin:@(description=(address=(host=m0585ussac1.cust.aops-eds.com)(protocol=tcp)(port=1521))(connect_data=(sid=tnsr14))) ,http://ecn26-pac-api.nike.com:8072/dropshipper-sap/ebws/DropShipper/PublishSAPStatus,DOM_ENV26_DML,DOM_ENV26_DML,https://ecn26-pac-api.nike.com:8073/interactive/om/order/cancel/csr,http://10.7.14.53:7070/warehouse/ebws/WMS/PublishShipmentConfirmation
ECN2,/smcfs/interop/InteropHttpServlet,10.7.74.121,7075,SterlingHttpTester,qa,qa,10.7.74.120,7070,/esb-test/DummySrv,http,queue.SterlingX063Queue,queue.SterlingX106Queue,queue.SterlingX105Queue,queue.SterlingX154Queue,queue.SterlingX088Queue,https://ecn2-pac-api.nike.com:8073/interactive/oc/return/create/csr,https://ecn2-pac-api.nike.com:8073/interactive/om/order/modify/csr,https://ecn2-pac-api.nike.com:8073/interactive/om/order/modify/csr,https://ecn2-secure-store.nike.com/${country_code}/services/orderHistoryService?country=${country}&action=getAnonymousOrderDetails&email=${email_Id}&orderId=${Order_Id},https://ecn2-secure-store.nike.com/${country_code}/services/returnService?action=createReturnOrder&country=${country}&requestId=${request_Id},jdbc:oracle:thin:@(description=(address=(host=nike-tie-rac-scan.cust.aops-eds.com)(protocol=tcp)(port=1521))(connect_data=(sid=tnsr37))) ,http://ecn2-pac-api.nikedev.com:8072/dropshipper-sap/ebws/DropShipper/PublishSAPStatus,DOM_ENV2_DML,DOM_ENV2_DML,https://ecn12-pac-api.nike.com:8073/interactive/om/order/cancel/csr,http://10.7.74.120:7070/warehouse/ebws/WMS/PublishShipmentConfirmation
ECN46,/smcfs/interop/InteropHttpServlet,10.7.19.206,7075,SterlingHttpTester,qa,qa,10.7.19.207,7070,/esb-test/DummySrv,http,queue.SterlingX063Queue,queue.SterlingX106Queue,queue.SterlingX105Queue,queue.SterlingX154Queue,queue.SterlingX088Queue,https://ecn46-pac-api.nikedev.com:8073/interactive/oc/return/create/csr,https://ecn46-pac-api.nikedev.com:8073/interactive/om/order/modify/csr,https://ecn46-pac-api.nikedev.com:8073/interactive/om/order/modify/csr,https://ecn46-secure-store.nike.com/${country_code}/services/orderHistoryService?country=${country}&action=getAnonymousOrderDetails&email=${email_Id}&orderId=${Order_Id},https://ecn46-secure-store.nike.com/${country_code}/services/returnService?action=createReturnOrder&country=${country}&requestId=${request_Id},jdbc:oracle:thin:@(description=(address=(host=m0628ussac1.cust.aops-eds.com)(protocol=tcp)(port=1521))(connect_data=(sid=tnsr15))) ,http://ecn46-pac-api.nikedev.com:8072/dropshipper-sap/ebws/DropShipper/PublishSAPStatus,DOM_ENV46_DML,DOM_ENV46_DML,https://ecn46-pac-api.nikedev.com:8073/interactive/om/order/cancel/csr,http://10.7.19.207:7070/warehouse/ebws/WMS/PublishShipmentConfirmation
ECN34,/smcfs/interop/InteropHttpServlet,10.7.14.82,7075,SterlingHttpTester,qa,qa,10.7.74.64,7070,/esb-test/DummySrv,http,queue.SterlingX063Queue,queue.SterlingX106Queue,queue.SterlingX105Queue,queue.SterlingX154Queue,queue.SterlingX088Queue,https://ecn34-pac-api.nikedev.com:8073/interactive/oc/return/create/csr,https://ecn34-pac-api.nikedev.com:8073/interactive/om/order/modify/csr,https://ecn34-pac-api.nikedev.com:8073/interactive/om/order/modify/csr,https://ecn34-secure-store.nike.com/${country_code}/services/orderHistoryService?country=${country}&action=getAnonymousOrderDetails&email=${email_Id}&orderId=${Order_Id},https://ecn34-secure-store.nike.com/${country_code}/services/returnService?action=createReturnOrder&country=${country}&requestId=${request_Id},jdbc:oracle:thin:@(description=(address=(host=m0438ussac1.cust.aops-eds.com)(protocol=tcp)(port=1521))(connect_data=(sid=tnsr13))) ,http://ecn34-pac-api.nikedev.com:8072/dropshipper-sap/ebws/DropShipper/PublishSAPStatus,DOM_ENV34_DML,DOM_ENV34_DML,https://ecn34-pac-api.nikedev.com:8073/interactive/om/order/cancel/csr,http://10.7.74.64:7070/warehouse/ebws/WMS/PublishShipmentConfirmation
ECN24,/smcfs/interop/InteropHttpServlet,10.7.18.148,7075,SterlingHttpTester,qa,qa,10.7.18.147,7070,/esb-test/DummySrv,http,queue.SterlingX063Queue,queue.SterlingX106Queue,queue.SterlingX105Queue,queue.SterlingX154Queue,queue.SterlingX088Queue,https://ecn24-pac-api.nike.com:8073/interactive/oc/return/create/csr,https://ecn24-pac-api.nike.com:8073/interactive/om/order/modify/csr,https://ecn24-pac-api.nike.com:8073/interactive/om/order/modify/csr,https://ecn24-secure-store.nike.com/${country_code}/services/orderHistoryService?country=${country}&action=getAnonymousOrderDetails&email=${email_Id}&orderId=${Order_Id},https://ecn24-secure-store.nike.com/${country_code}/services/returnService?action=createReturnOrder&country=${country}&requestId=${request_Id},jdbc:oracle:thin:@(description=(address=(host=m0585ussac1.cust.aops-eds.com)(protocol=tcp)(port=1521))(connect_data=(sid=tnsr14))) ,http://ecn24-pac-api.nike.com:8072/dropshipper-sap/ebws/DropShipper/PublishSAPStatus,DOM_ENV24_DML,DOM_ENV24_DML,https://ecn24-pac-api.nike.com:8073/interactive/om/order/cancel/csr,http://10.7.18.147:7070/warehouse/ebws/WMS/PublishShipmentConfirmation
ECN21,/smcfs/interop/InteropHttpServlet,10.7.18.11,7075,SterlingHttpTester,qa,qa,10.7.18.11,7070,/esb-test/DummySrv,http,queue.SterlingX063Queue,queue.SterlingX106Queue,queue.SterlingX105Queue,queue.SterlingX154Queue,queue.SterlingX088Queue,https://ecn21-pac-api.nike.com:8073/interactive/oc/return/create/csr,https://ecn21-pac-api.nike.com:8073/interactive/om/order/modify/csr,https://ecn21-pac-api.nike.com:8073/interactive/om/order/modify/csr,https://ecn21-secure-store.nike.com/${country_code}/services/orderHistoryService?country=${country}&action=getAnonymousOrderDetails&email=${email_Id}&orderId=${Order_Id},https://ecn21-secure-store.nike.com/${country_code}/services/returnService?action=createReturnOrder&country=${country}&requestId=${request_Id},jdbc:oracle:thin:@(description=(address=(host=m0585ussac1.cust.aops-eds.com)(protocol=tcp)(port=1521))(connect_data=(sid=tnsr14))) ,http://ecn21-pac-api.nike.com:8072/dropshipper-sap/ebws/DropShipper/PublishSAPStatus,DOM_ENV21_DML,DOM_ENV21_DML,https://ecn21-pac-api.nike.com:8073/interactive/om/order/cancel/csr,http://10.7.18.147:7070/warehouse/ebws/WMS/PublishShipmentConfirmation
ECN9,/smcfs/interop/InteropHttpServlet,10.7.19.145,7075,SterlingHttpTester,qa,qa,10.7.19.225,7070,/esb-test/DummySrv,http,queue.SterlingX063Queue,queue.SterlingX106Queue,queue.SterlingX105Queue,queue.SterlingX154Queue,queue.SterlingX088Queue,https://ecn9-pac-api.nikedev.com:8073/interactive/oc/return/create/csr,https://ecn9-pac-api.nikedev.com:8073/interactive/om/order/modify/csr,https://ecn9-pac-api.nikedev.com:8073/interactive/om/order/modify/csr,https://ecn9-secure-store.nike.com/${country_code}/services/orderHistoryService?country=${country}&action=getAnonymousOrderDetails&email=${email_Id}&orderId=${Order_Id},https://ecn9-secure-store.nike.com/${country_code}/services/returnService?action=createReturnOrder&country=${country}&requestId=${request_Id},jdbc:oracle:thin:@(description=(address=(host=m0628ussac1.cust.aops-eds.com)(protocol=tcp)(port=1521))(connect_data=(sid=tnsr15))) ,http://ecn9-pac-api.nikedev.com:8072/dropshipper-sap/ebws/DropShipper/PublishSAPStatus,dom_env9_dml,dom_env9_dml,https://ecn9-pac-api.nikedev.com:8073/interactive/om/order/modify/csr,http://10.7.19.225:7070/warehouse/ebws/WMS/PublishShipmentConfirmation
ECN12,/smcfs/interop/InteropHttpServlet,10.7.19.182,7075,SterlingHttpTester,qa,qa,10.7.19.220,7070,/esb-test/DummySrv,http,queue.SterlingX063Queue,queue.SterlingX106Queue,queue.SterlingX105Queue,queue.SterlingX154Queue,queue.SterlingX088Queue,https://ecn12-pac-api.nikedev.com:8073/interactive/oc/return/create/csr,https://ecn12-pac-api.nikedev.com:8073/interactive/om/order/modify/csr,https://ecn12-pac-api.nikedev.com:8073/interactive/om/order/modify/csr,https://ecn12-secure-store.nike.com/${country_code}/services/orderHistoryService?country=${country}&action=getAnonymousOrderDetails&email=${email_Id}&orderId=${Order_Id},https://ecn12-secure-store.nike.com/${country_code}/services/returnService?action=createReturnOrder&country=${country}&requestId=${request_Id},jdbc:oracle:thin:@(description=(address=(host=vm0579ussac1.cust.aops-eds.com)(protocol=tcp)(port=1521))(connect_data=(sid=tnsr7))) ,http://ecn12-pac-api.nikedev.com:8072/dropshipper-sap/ebws/DropShipper/PublishSAPStatus,DOM_ENV12_DML,DOM_ENV12_DML,https://ecn12-pac-api.nikedev.com:8073/interactive/om/order/cancel/csr,http://10.7.19.220:7070/warehouse/ebws/WMS/PublishShipmentConfirmation
ECN75,/smcfs/interop/InteropHttpServlet,10.12.131.84,7001,SterlingHttpTester,qa,qa,10.12.131.97,7070,/esb-test/DummySrv,http,queue.SterlingX063Queue,queue.SterlingX106Queue,queue.SterlingX105Queue,queue.SterlingX154Queue,queue.SterlingX088Queue,https://ecn75-pac-api.nikedev.com:8073/interactive/oc/return/create/csr,https://ecn75-pac-api.nikedev.com:8073/interactive/om/order/modify/csr,https://ecn75-pac-api.nikedev.com:8073/interactive/om/order/modify/csr,https://ecn75-secure-store.nike.com/${country_code}/services/orderHistoryService?country=${country}&action=getAnonymousOrderDetails&email=${email_Id}&orderId=${Order_Id},https://ecn75-secure-store.nike.com/${country_code}/services/returnService?action=createReturnOrder&country=${country}&requestId=${request_Id},jdbc:oracle:thin:@(description=(address=(host=10.7.138.134)(protocol=tcp)(port=1521))(connect_data=(sid=tnsl))) ,http://ecn75-pac-api.nikedev.com:8072/dropshipper-sap/ebws/DropShipper/PublishSAPStatus,dom_dml,dom_dml,https://ecn75-pac-api.nikedev.com:8073/interactive/om/order/cancel/csr,https://ecn75-pac-api.nikedev.com:8073/bridge/publish/SOAP/WMS/PublishGoodsIssue
ECN54,/smcfs/interop/InteropHttpServlet,10.7.14.214,7075,SterlingHttpTester,qa,qa,10.7.14.213,7070,/esb-test/DummySrv,http,queue.SterlingX063Queue,queue.SterlingX106Queue,queue.SterlingX105Queue,queue.SterlingX154Queue,queue.SterlingX088Queue,https://ecn54-pac-api.nike.com:8073/interactive/oc/return/create/csr,https://ecn54-pac-api.nike.com:8073/interactive/om/order/modify/csr,https://ecn54-pac-api.nike.com:8073/interactive/om/order/modify/csr,https://ecn54-secure-store.nike.com/${country_code}/services/orderHistoryService?country=${country}&action=getAnonymousOrderDetails&email=${email_Id}&orderId=${Order_Id},https://ecn54-secure-store.nike.com/${country_code}/services/returnService?action=createReturnOrder&country=${country}&requestId=${request_Id},jdbc:oracle:thin:@(description=(address=(host=m0629ussac1.cust.aops-eds.com)(protocol=tcp)(port=1521))(connect_data=(sid=tnsr16))) ,http://ecn54-pac-api.nike.com:8072/dropshipper-sap/ebws/DropShipper/PublishSAPStatus,dom_env54_dml,dom_env54_dml,https://ecn54-pac-api.nike.com:8073/interactive/om/order/cancel/csr,http://10.7.14.213:7070/warehouse/ebws/WMS/PublishShipmentConfirmation
ECN53,/smcfs/interop/InteropHttpServlet,10.7.32.189,7075,SterlingHttpTester,qa,qa,10.7.32.190,7070,/esb-test/DummySrv,http,queue.SterlingX063Queue,queue.SterlingX106Queue,queue.SterlingX105Queue,queue.SterlingX153Queue,queue.SterlingX088Queue,https://ecn53-pac-api.nike.com:8073/interactive/oc/return/create/csr,https://ecn53-pac-api.nike.com:8073/interactive/om/order/modify/csr,https://ecn53-pac-api.nike.com:8073/interactive/om/order/modify/csr,https://ecn53-secure-store.nike.com/${country_code}/services/orderHistoryService?country=${country}&action=getAnonymousOrderDetails&email=${email_Id}&orderId=${Order_Id},https://ecn53-secure-store.nike.com/${country_code}/services/returnService?action=createReturnOrder&country=${country}&requestId=${request_Id},jdbc:oracle:thin:@(description=(address=(host=m0629ussac1.cust.aops-eds.com)(protocol=tcp)(port=1521))(connect_data=(sid=tnsr16))) ,http://ecn53-pac-api.nike.com:8072/dropshipper-sap/ebws/DropShipper/PublishSAPStatus,dom_env53_dml,dom_env53_dml,https://ecn53-pac-api.nike.com:8073/ordermanagement/http/order/modify/csr,http://10.7.32.190:7070/warehouse/ebws/WMS/PublishShipmentConfirmation
ECN56,/smcfs/interop/InteropHttpServlet,10.7.33.188,7075,SterlingHttpTester,qa,qa,10.7.33.188,7070,/esb-test/DummySrv,http,queue.SterlingX063Queue,queue.SterlingX106Queue,queue.SterlingX105Queue,queue.SterlingX154Queue,queue.SterlingX088Queue,https://ecn56-pac-api.nikedev.com:8073/interactive/oc/return/create/csr,https://ecn56-pac-api.nikedev.com:8073/interactive/om/order/modify/csr,https://ecn56-pac-api.nikedev.com:8073/interactive/om/order/modify/csr,https://ecn56-secure-niketown.nikedev.com/services/orderHistoryService?action=getAnonymousOrderDetails&locale=${locale}&orderId=${Order_Id}&email=${EmailID_1}  ,https://ecn56-secure-niketown.nikedev.com/services/returnService?action=createReturnOrder&rt=xml&locale=${locale},jdbc:oracle:thin:@(description=(address=(host=m0629ussac1.cust.aops-eds.com)(protocol=tcp)(port=1521))(connect_data=(sid=tnsr16))) ,http://ecn56-pac-api.nikedev.com:8072/dropshipper-sap/ebws/DropShipper/PublishSAPStatus,dom_env56_dml,dom_env56_dml,https://ecn56-pac-api.nikedev.com:8073/interactive/om/order/cancel/csr,http://10.7.33.188:7070/warehouse/ebws/WMS/PublishShipmentConfirmation
ECN19,/smcfs/interop/InteropHttpServlet,10.7.19.146,7075,SterlingHttpTester,qa,qa,10.7.19.146,7070,/esb-test/DummySrv,http,queue.SterlingX063Queue,queue.SterlingX106Queue,queue.SterlingX105Queue,queue.SterlingX154Queue,queue.SterlingX088Queue,https://ecn19-pac-api.nikedev.com:8073/interactive/oc/return/create/csr,https://ecn19-pac-api.nikedev.com:8073/interactive/om/order/modify/csr,https://ecn19-pac-api.nikedev.com:8073/interactive/om/order/modify/csr,https://ecn19-secure-niketown.nikedev.com/services/orderHistoryService?action=getAnonymousOrderDetails&locale=${locale}&orderId=${Order_Id}&email=${EmailID_1}  ,https://ecn19-secure-niketown.nikedev.com/services/returnService?action=createReturnOrder&rt=xml&locale=${locale},jdbc:oracle:thin:@(description=(address=(host=m0629ussac1.cust.aops-eds.com)(protocol=tcp)(port=1521))(connect_data=(sid=tnsr16))) ,http://ecn19-pac-api.nikedev.com:8072/dropshipper-sap/ebws/DropShipper/PublishSAPStatus,dom_env56_dml,dom_env56_dml,https://ecn19-pac-api.nikedev.com:8073/interactive/om/order/cancel/csr,http://10.7.19.146:7070/warehouse/ebws/WMS/PublishShipmentConfirmation
ECN52,/smcfs/interop/InteropHttpServlet,10.7.32.127,7075,SterlingHttpTester,qa,qa,10.7.32.127,7070,/esb-test/DummySrv,http,queue.SterlingX063Queue,queue.SterlingX106Queue,queue.SterlingX105Queue,queue.SterlingX154Queue,queue.SterlingX088Queue,https://ecn52-pac-api.nike.com:8073/interactive/oc/return/create/csr,https://ecn52-pac-api.nike.com:8073/interactive/om/order/modify/csr,https://ecn52-pac-api.nike.com:8073/interactive/om/order/modify/csr,https://ecn52-secure-niketown.nike.com/services/orderHistoryService?action=getAnonymousOrderDetails&locale=${locale}&orderId=${Order_Id}&email=${EmailID_1}  ,https://ecn52-secure-niketown.nike.com/services/returnService?action=createReturnOrder&rt=xml&locale=${locale},jdbc:oracle:thin:@(description=(address=(host=m0629ussac1.cust.aops-eds.com)(protocol=tcp)(port=1521))(connect_data=(sid=tnsr16))) ,http://ecn52-pac-api.nike.com:8072/dropshipper-sap/ebws/DropShipper/PublishSAPStatus,dom_env56_dml,dom_env56_dml,https://ecn52-pac-api.nike.com:8073/interactive/om/order/cancel/csr,http://10.7.32.127:7070/warehouse/ebws/WMS/PublishShipmentConfirmation
ECN17,/smcfs/interop/InteropHttpServlet,10.7.19.221,7075,SterlingHttpTester,qa,qa,10.7.19.221,7070,/esb-test/DummySrv,http,queue.SterlingX063Queue,queue.SterlingX106Queue,queue.SterlingX105Queue,queue.SterlingX154Queue,queue.SterlingX088Queue,https://ecn17-pac-api.nikedev.com:8073/interactive/oc/return/create/csr,https://ecn17-pac-api.nikedev.com:8073/interactive/om/order/modify/csr,https://ecn17-pac-api.nikedev.com:8073/interactive/om/order/modify/csr,https://ecn17-secure-store.nike.com/${country_code}/services/orderHistoryService?country=${country}&action=getAnonymousOrderDetails&email=${email_Id}&orderId=${Order_Id},https://ecn17-secure-store.nike.com/${country_code}/services/returnService?action=createReturnOrder&country=${country}&requestId=${request_Id},jdbc:oracle:thin:@(description=(address=(host=m0585ussac1.cust.aops-eds.com)(protocol=tcp)(port=1521))(connect_data=(sid=tnsr14))) ,http://ecn17-pac-api.nikedev.com:8072/dropshipper-sap/ebws/DropShipper/PublishSAPStatus,dom_env17_dml,dom_env17_dml,https://ecn17-pac-api.nikedev.com:8073/interactive/om/order/cancel/csr,http://10.7.19.221:7070/warehouse/ebws/WMS/PublishShipmentConfirmation
ECN100,/smcfs/interop/InteropHttpServlet,10.12.133.154,7075,SterlingHttpTester,qa,qa,10.12.135.42,7070,/esb-test/DummySrv,http,queue.SterlingX063Queue,queue.SterlingX106Queue,queue.SterlingX105Queue,queue.SterlingX154Queue,queue.SterlingX088Queue,https://ecn100-pac-api.nikedev.com:8073/interactive/oc/return/create/csr,https://ecn100-pac-api.nikedev.com:8073/interactive/om/order/modify/csr,https://ecn100-pac-api.nikedev.com:8073/interactive/om/order/modify/csr,https://ecn100-secure-store.nike.com/${country_code}/services/orderHistoryService?country=${country}&action=getAnonymousOrderDetails&email=${email_Id}&orderId=${Order_Id},https://ecn100-secure-store.nike.com/${country_code}/services/returnService?action=createReturnOrder&country=${country}&requestId=${request_Id},jdbc:oracle:thin:@(description=(address=(host=m0628ussac1.cust.aops-eds.com)(protocol=tcp)(port=1521))(connect_data=(sid=tnsr15))) ,http://ecn100-pac-api.nikedev.com:8072/dropshipper-sap/ebws/DropShipper/PublishSAPStatus,dom_env46_dml,dom_env46_dml,https://ecn100-pac-api.nikedev.com:8073/interactive/om/order/cancel/csr,http://10.12.135.42:7070/warehouse/ebws/WMS/PublishShipmentConfirmation
ECN77,/smcfs/interop/InteropHttpServlet,10.12.131.136,7137,SterlingHttpTester,qa,qa,0.12.129.102,7070,/esb-test/DummySrv,http,queue.SterlingX063Queue,queue.SterlingX106Queue,queue.SterlingX105Queue,queue.SterlingX154Queue,queue.SterlingX088Queue,https://ecn77-pac-api.nikedev.com:8073/interactive/oc/return/create/csr,https://ecn77-pac-api.nikedev.com:8073/interactive/om/order/modify/csr,https://ecn77-pac-api.nikedev.com:8073/interactive/om/order/modify/csr,https://ecn77-secure-store.nike.com/${country_code}/services/orderHistoryService?country=${country}&action=getAnonymousOrderDetails&email=${email_Id}&orderId=${Order_Id},https://ecn77-secure-store.nike.com/${country_code}/services/returnService?action=createReturnOrder&country=${country}&requestId=${request_Id},jdbc:oracle:thin:@(description=(address=(host=m0628ussac1.cust.aops-eds.com)(protocol=tcp)(port=1521))(connect_data=(sid=tnsr15))) ,https://ecn77-pac-api.nikedev.com:8073/bridge/publish/SOAP/SAP/PublishOrderStatus,dom_env46_dml,dom_env46_dml,https://ecn77-pac-api.nikedev.com:8073/interactive/om/order/cancel/csr,https://ecn77-pac-api.nikedev.com:8073/bridge/publish/SOAP/WMS/PublishGoodsIssue
ECN81,/smcfs/interop/InteropHttpServlet,10.12.131.25,7137,SterlingHttpTester,qa,qa,10.12.131.200,7257,/esb-test/DummySrv,http,queue.SterlingX063Queue,queue.SterlingX106Queue,queue.SterlingX105Queue,queue.SterlingX154Queue,queue.SterlingX088Queue,https://ecn81-pac-api.nikedev.com:8073/interactive/oc/return/create/csr,https://ecn81-pac-api.nikedev.com:8073/interactive/om/order/modify/csr,https://ecn81-pac-api.nikedev.com:8073/interactive/om/order/modify/csr,https://ecn81-secure-store.nike.com/${country_code}/services/orderHistoryService?country=${country}&action=getAnonymousOrderDetails&email=${email_Id}&orderId=${Order_Id},https://ecn81-secure-store.nike.com/${country_code}/services/returnService?action=createReturnOrder&country=${country}&requestId=${request_Id},jdbc:oracle:thin:@(description=(address=(host=delphix-vdb-n-1.va2.b2c.nike.com)(protocol=tcp)(port=1521))(connect_data=(sid=vdbsl4))) ,http://ecn81-pac-api.nikedev.com:8072/dropshipper-sap/ebws/DropShipper/PublishSAPStatus,dom_dml,dom_dml,https://ecn81-pac-api.nikedev.com:8073/interactive/om/order/cancel/csr,http://10.12.131.200:7257/warehouse/ebws/WMS/PublishShipmentConfirmation
ECN78,/smcfs/interop/InteropHttpServlet,10.12.132.122,7137,SterlingHttpTester,qa,qa,10.12.132.253,7255,/esb-test/DummySrv,http,queue.SterlingX063Queue,queue.SterlingX106Queue,queue.SterlingX105Queue,queue.SterlingX154Queue,queue.SterlingX088Queue,https://ecn78-pac-api.nikedev.com:8073/interactive/oc/return/create/csr,https://ecn78-pac-api.nikedev.com:8073/interactive/oc/return/create/csr,https://ecn78-pac-api.nikedev.com:8073/interactive/om/order/modify/csr,https://ecn78-pac-api.nikedev.com:8073/interactive/om/order/modify/csr,https://ecn78-secure-store.nike.com/${country_code}/services/orderHistoryService?country=${country}&action=getAnonymousOrderDetails&email=${email_Id}&orderId=${Order_Id},jdbc:oracle:thin:@(description=(address=(host=delphix-vdb-n-4.va2.b2c.nike.com)(protocol=tcp)(port=1521))(connect_data=(sid=vdbsl7))) , https://ecn78-pac-api.nikedev.com:8073/bridge/publish/SOAP/SAP/PublishOrderStatus,dom_dml,dom_dml,https://ecn78-pac-api.nikedev.com:8073/interactive/om/order/cancel/csr,https://ecn78-pac-api.nikedev.com:8073/bridge/publish/SOAP/WMS/PublishGoodsIssue
ECN71,/smcfs-ops/interop/InteropHttpServlet,ip-10-12-230-148.va2.b2c.nike.com,7137,SterlingHttpTester,qa,qa,10.12.230.111,7255,/esb-test/DummySrv,http,queue.SterlingX063Queue,queue.SterlingX106Queue,queue.SterlingX105Queue,queue.SterlingX154Queue,queue.SterlingX088Queue,https://ecn71-pac-api.nikedev.com:8073/interactive/oc/return/create/csr,https://ecn71-pac-api.nikedev.com:8073/interactive/om/order/modify/csr,https://ecn71-pac-api.nikedev.com:8073/interactive/om/order/modify/csr,https://ecn71-secure-store.nike.com/${country_code}/services/orderHistoryService?country=${country}&action=getAnonymousOrderDetails&email=${email_Id}&orderId=${Order_Id},https://ecn71-secure-store.nike.com/${country_code}/services/returnService?action=createReturnOrder&country=${country}&requestId=${request_Id},jdbc:oracle:thin:@(description=(address=(host=delphix-vdb-n-10.va2.b2c.nike.com)(protocol=tcp)(port=1521))(connect_data=(sid=vdbsl21)) , https://ecn71-pac-api.nikedev.com:8073/bridge/publish/SOAP/SAP/PublishOrderStatus,dom_dml,dom_dml,https://ecn71-pac-api.nikedev.com:8073/interactive/om/order/cancel/csr,https://ecn71-pac-api.nikedev.com:8073/bridge/publish/SOAP/WMS/PublishGoodsIssue
ECN62,/smcfs/interop/InteropHttpServlet,10.12.227.217,7137,SterlingHttpTester,qa,qa,10.12.227.185,7255,/esb-test/DummySrv,http,queue.SterlingX063Queue,queue.SterlingX106Queue,queue.SterlingX105Queue,queue.SterlingX154Queue,queue.SterlingX088Queue,https://ecn62-pac-api.nikedev.com:8073/interactive/oc/return/create/csr,https://ecn62-pac-api.nikedev.com:8073/interactive/om/order/modify/csr,https://ecn62-pac-api.nikedev.com:8073/interactive/om/order/modify/csr,https://ecn62-secure-store.nike.com/${country_code}/services/orderHistoryService?country=${country}&action=getAnonymousOrderDetails&email=${email_Id}&orderId=${Order_Id},https://ecn62-secure-store.nike.com/${country_code}/services/returnService?action=createReturnOrder&country=${country}&requestId=${request_Id},jdbc:oracle:thin:@(description=(address=(host=delphix-vdb-n-10.va2.b2c.nike.com)(protocol=tcp)(port=1521))(connect_data=(sid=vdbsl41)) , https://ecn62-pac-api.nikedev.com:8073/bridge/publish/SOAP/SAP/PublishOrderStatus,dom_dml,dom_dml,https://ecn62-pac-api.nikedev.com:8073/interactive/om/order/cancel/csr,https://ecn62-pac-api.nikedev.com:8073/bridge/publish/SOAP/WMS/PublishGoodsIssue
ECN76,/smcfs/interop/InteropHttpServlet,10.12.134.144,7137,SterlingHttpTester,qa,qa,10.12.133.124,7255,/esb-test/DummySrv,http,queue.SterlingX063Queue,queue.SterlingX106Queue,queue.SterlingX105Queue,queue.SterlingX154Queue,queue.SterlingX088Queue,https://ecn76-pac-api.nikedev.com:8073/interactive/oc/return/create/csr,https://ecn76-pac-api.nikedev.com:8073/interactive/om/order/modify/csr,https://ecn76-pac-api.nikedev.com:8073/interactive/om/order/modify/csr,https://ecn76-secure-store.nike.com/${country_code}/services/orderHistoryService?country=${country}&action=getAnonymousOrderDetails&email=${email_Id}&orderId=${Order_Id},https://ecn76-secure-store.nike.com/${country_code}/services/returnService?action=createReturnOrder&country=${country}&requestId=${request_Id},jdbc:oracle:thin:@(description=(address=(host=delphix-vdb-n-2.va2.b2c.nike.com)(protocol=tcp)(port=1521))(connect_data=(sid=vdbsl2)) , https://ecn76-pac-api.nikedev.com:8073/bridge/publish/SOAP/SAP/PublishOrderStatus,dom_dml,dom_dml,https://ecn76-pac-api.nikedev.com:8073/interactive/om/order/cancel/csr,https://ecn76-pac-api.nikedev.com:8073/bridge/publish/SOAP/WMS/PublishGoodsIssue
ECN67,/smcfs/interop/InteropHttpServlet,10.12.229.15,7137,SterlingHttpTester,qa,qa,10.12.228.234,7255,/esb-test/DummySrv,http,queue.SterlingX063Queue,queue.SterlingX106Queue,queue.SterlingX105Queue,queue.SterlingX154Queue,queue.SterlingX088Queue,https://ecn67-pac-api.nikedev.com:8073/interactive/oc/return/create/csr,https://ecn67-pac-api.nikedev.com:8073/interactive/om/order/modify/csr,https://ecn67-pac-api.nikedev.com:8073/interactive/om/order/modify/csr,https://ecn67-secure-store.nike.com/${country_code}/services/orderHistoryService?country=${country}&action=getAnonymousOrderDetails&email=${email_Id}&orderId=${Order_Id},https://ecn67-secure-store.nike.com/${country_code}/services/returnService?action=createReturnOrder&country=${country}&requestId=${request_Id},jdbc:oracle:thin:@(description=(address=(host=delphix-vdb-n-10.va2.b2c.nike.com)(protocol=tcp)(port=1521))(connect_data=(sid=vdbsl9)) , https://ecn67-pac-api.nikedev.com:8073/bridge/publish/SOAP/SAP/PublishOrderStatus,dom_dml,dom_dml,https://ecn67-pac-api.nikedev.com:8073/interactive/om/order/cancel/csr,https://ecn67-pac-api.nikedev.com:8073/bridge/publish/SOAP/WMS/PublishGoodsIssue
ECN82,/smcfs/interop/InteropHttpServlet,10.12.234.47,7137,SterlingHttpTester,qa,qa,10.12.234.49,7255,/esb-test/DummySrv,http,queue.SterlingX063Queue,queue.SterlingX106Queue,queue.SterlingX105Queue,queue.SterlingX154Queue,queue.SterlingX088Queue,https://ecn82-pac-api.nikedev.com:8073/interactive/oc/return/create/csr,https://ecn82-pac-api.nikedev.com:8073/interactive/om/order/modify/csr,https://ecn82-pac-api.nikedev.com:8073/interactive/om/order/modify/csr,https://ecn82-secure-store.nike.com/${country_code}/services/orderHistoryService?country=${country}&action=getAnonymousOrderDetails&email=${email_Id}&orderId=${Order_Id},https://ecn82-secure-store.nike.com/${country_code}/services/returnService?action=createReturnOrder&country=${country}&requestId=${request_Id},jdbc:oracle:thin:@(description=(address=(host=delphix-vdb-n-9.va2.b2c.nike.com)(protocol=tcp)(port=1521))(connect_data=(sid=vdbsl38)) , https://ecn82-pac-api.nikedev.com:8073/bridge/publish/SOAP/SAP/PublishOrderStatus,dom_dml,dom_dml,https://ecn82-pac-api.nikedev.com:8073/interactive/om/order/cancel/csr,https://ecn82-pac-api.nikedev.com:8073/bridge/publish/SOAP/WMS/PublishGoodsIssue
ECN61,/smcfs/interop/InteropHttpServlet,10.12.235.28,7137,SterlingHttpTester,qa,qa,10.12.235.51,7255,/esb-test/DummySrv,http,queue.SterlingX063Queue,queue.SterlingX106Queue,queue.SterlingX105Queue,queue.SterlingX154Queue,queue.SterlingX088Queue,https://ecn61-pac-api.nikedev.com:8073/interactive/oc/return/create/csr,https://ecn61-pac-api.nikedev.com:8073/interactive/om/order/modify/csr,https://ecn61-pac-api.nikedev.com:8073/interactive/om/order/modify/csr,https://ecn61-secure-store.nike.com/${country_code}/services/orderHistoryService?country=${country}&action=getAnonymousOrderDetails&email=${email_Id}&orderId=${Order_Id},https://ecn61-secure-store.nike.com/${country_code}/services/returnService?action=createReturnOrder&country=${country}&requestId=${request_Id},jdbc:oracle:thin:@(description=(address=(host=delphix-vdb-n-9.va2.b2c.nike.com)(protocol=tcp)(port=1521))(connect_data=(sid=vdbsl35)) , https://ecn61-pac-api.nikedev.com:8073/bridge/publish/SOAP/SAP/PublishOrderStatus,dom_dml,dom_dml,https://ecn61-pac-api.nikedev.com:8073/interactive/om/order/cancel/csr,https://ecn61-pac-api.nikedev.com:8073/bridge/publish/SOAP/WMS/PublishGoodsIssue
ECN69,/smcfs-ops/interop/InteropHttpServlet,10.12.238.95,7137,SterlingHttpTester,qa,qa,10.12.238.122,7255,/esb-test/DummySrv,http,queue.SterlingX063Queue,queue.SterlingX106Queue,queue.SterlingX105Queue,queue.SterlingX154Queue,queue.SterlingX088Queue,https://ecn69-pac-api.nikedev.com:8073/interactive/oc/return/create/csr,https://ecn69-pac-api.nikedev.com:8073/interactive/om/order/modify/csr,https://ecn69-pac-api.nikedev.com:8073/interactive/om/order/modify/csr,https://ecn69-secure-store.nike.com/${country_code}/services/orderHistoryService?country=${country}&action=getAnonymousOrderDetails&email=${email_Id}&orderId=${Order_Id},https://ecn69-secure-store.nike.com/${country_code}/services/returnService?action=createReturnOrder&country=${country}&requestId=${request_Id},jdbc:oracle:thin:@(description=(address=(host=delphix-vdb-n-10.va2.b2c.nike.com)(protocol=tcp)(port=1521))(connect_data=(sid=vdbsl25)) , https://ecn69-pac-api.nikedev.com:8073/bridge/publish/SOAP/SAP/PublishOrderStatus,dom_dml,dom_dml,https://ecn69-pac-api.nikedev.com:8073/interactive/om/order/cancel/csr,https://ecn69-pac-api.nikedev.com:8073/bridge/publish/SOAP/WMS/PublishGoodsIssue
